SKU;description;color
3001;RAGE MBT Wine;Darkred
3002;RAGE MBT Stingbee;Yellow
5001;INSANITY Racer;Ocean Blue
5002;INSANITY Racer;Midnight Blue
30005213;RM01 TWO;
30005214;RM01 TWO;
30005215;RM01 TWO;
30005216;RM01 TWO;
30005217;RM01 TWO;
30005218;RM01 THREE;
30005219;RM01 THREE;
30005220;RM01 THREE;
30005221;RM01 THREE;
30005222;RM01 THREE;
30005223;RM01 THREE;
30005225;RM01 FOUR;
30005226;RM01 FOUR;
30005227;RM01 FOUR;
30005228;RM01 FOUR;
30005229;RM01 FOUR;
30005224;RM01 FOUR;
30005272;RMX01 ONE;
30005273;RMX01 ONE;
30005274;RMX01 ONE;
30005275;RMX01 ONE;
30005276;RMX01 ONE;
30005277;RMX01 ONE;
30005455;RM01 MOD VAR1;
30005456;RM01 MOD VAR1;
30005457;RM01 MOD VAR1;
30005458;RM01 MOD VAR1;
30005459;RM01 MOD VAR1;
30005460;RM01 MOD VAR1;
30005461;RMX01 MOD VAR1;
30005462;RMX01 MOD VAR1;
30005463;RMX01 MOD VAR1;
30005464;RMX01 MOD VAR1;
30005465;RMX01 MOD VAR1;
30005238;RM ONE;
30005239;RM ONE;
30005240;RM ONE;
30005241;RM ONE;
30005236;RM ONE;
30005237;RM ONE;
30005243;RM TWO;
30005244;RM TWO;
30005245;RM TWO;
30005246;RM TWO;
30005247;RM TWO;
30005242;RM TWO;
30005248;RM THREE;
30005249;RM THREE;
30005250;RM THREE;
30005251;RM THREE;
30005252;RM THREE;
30005253;RM THREE;
30005254;RM FOUR;
30005255;RM FOUR;
30005256;RM FOUR;
30005257;RM FOUR;
30005258;RM FOUR;
30005259;RM FOUR;
30005262;RM FIVE;
30005263;RM FIVE;
30005264;RM FIVE;
30005265;RM FIVE;
30005260;RM FIVE;
30005261;RM FIVE;
30005267;RM SIX;
30005268;RM SIX;
30005269;RM SIX;
30005270;RM SIX;
30005271;RM SIX;
30005266;RM SIX;
30005284;RMX ONE;
30005285;RMX ONE;
30005286;RMX ONE;
30005287;RMX ONE;
30005288;RMX ONE;
30005289;RMX ONE;
30005290;RMX TWO;
30005291;RMX TWO;
30005292;RMX TWO;
30005293;RMX TWO;
30005294;RMX TWO;
30005295;RMX TWO;
30005296;RMX THREE;
30005297;RMX THREE;
30005298;RMX THREE;
30005299;RMX THREE;
30005300;RMX THREE;
30005301;RMX THREE;
30005467;SM01 LTD;
30005468;SM01 LTD;
30005469;SM01 LTD;
30005473;SM01 TWO;
30005474;SM01 TWO;
30005475;SM01 TWO;
30005476;SM01 THREE;
30005477;SM01 THREE;
30005478;SM01 THREE;
30005486;TMR01 LTD;
30005487;TMR01 LTD;
30005488;TMR01 LTD;
30005489;TMR01 LTD;
30005485;TMR01 LTD;
30005505;TMR01 THREE;
30005506;TMR01 THREE;
30005507;TMR01 THREE;
30005508;TMR01 THREE;
30005503;TMR01 THREE;
30005504;TMR01 THREE;
30005515;TMR01 FIVE;
30005516;TMR01 FIVE;
30005517;TMR01 FIVE;
30005518;TMR01 FIVE;
30005519;TMR01 FIVE;
30005482;SM01 MOD VAR1;
30005483;SM01 MOD VAR1;
30005484;SM01 MOD VAR1;
30005527;TMR01 MOD VAR1;
30005528;TMR01 MOD VAR1;
30005529;TMR01 MOD VAR1;
30005530;TMR01 MOD VAR1;
30005531;TMR01 MOD VAR1;
30005532;TMR01 MOD VAR1;
30005325;URS01 THREE;
30005326;URS01 THREE;
30005327;URS01 THREE;
30005328;URS01 THREE;
30005329;URS01 THREE;
30005330;URS01 FOUR;
30005331;URS01 FOUR;
30005332;URS01 FOUR;
30005333;URS01 FOUR;
30005334;URS01 FOUR;
30005335;URS01 LT ONE;
30005336;URS01 LT ONE;
30005337;URS01 LT ONE;
30005338;URS01 LT ONE;
30005339;URS01 LT ONE;
30005340;URS01 LT TWO;
30005341;URS01 LT TWO;
30005342;URS01 LT TWO;
30005343;URS01 LT TWO;
30005344;URS01 LT TWO;
30005345;URS TWO;
30005346;URS TWO;
30005347;URS TWO;
30005348;URS TWO;
30005349;URS TWO;
30005350;URS THREE;
30005351;URS THREE;
30005352;URS THREE;
30005353;URS THREE;
30005354;URS THREE;
30005355;URS LT ONE;
30005356;URS LT ONE;
30005357;URS LT ONE;
30005358;URS LT ONE;
30005359;URS LT ONE;
30005490;TMR01 LTD;
30005405;AMP URS LT TWO;
30005406;AMP URS LT TWO;
30005407;AMP URS LT TWO;
30005408;AMP URS LT TWO;
30005409;AMP URS LT TWO;
30005410;AMP URS LT TWO;
30005411;AMP URS LT TWO;
30005412;AMP URS LT TWO;
30005413;AMP URS LT TWO;
30005414;AMP URS LT TWO;
30005415;AMP URS LT THREE;
30005416;AMP URS LT THREE;
30005417;AMP URS LT THREE;
30005418;AMP URS LT THREE;
30005419;AMP URS LT THREE;
30005420;AMP URS LT THREE;
30005421;AMP URS LT THREE;
30005422;AMP URS LT THREE;
30005423;AMP URS LT THREE;
30005424;AMP URS LT THREE;
30005520;TMR01 FIVE;
30005509;TMR01 FOUR;
30005510;TMR01 FOUR;
30005511;TMR01 FOUR;
30005512;TMR01 FOUR;
30005513;TMR01 FOUR;
30005514;TMR01 FOUR;
30005470;SM01 ONE;
30005471;SM01 ONE;
30005472;SM01 ONE;
30005491;TMR01 ONE;
30005492;TMR01 ONE;
30005493;TMR01 ONE;
30005494;TMR01 ONE;
30005495;TMR01 ONE;
30005496;TMR01 ONE;
30005497;TMR01 TWO;
30005498;TMR01 TWO;
30005499;TMR01 TWO;
30005500;TMR01 TWO;
30005501;TMR01 TWO;
30005502;TMR01 TWO;
30005466;RMX01 MOD VAR1;